<?xml version="1.0" encoding="UTF-8"?>
<!DOCTYPE hibernate-configuration PUBLIC  
          "-//Hibernate/Hibernate Configuration DTD 5.3//EN"  
          "http://hibernate.sourceforge.net/hibernate-configuration-5.3.dtd">  
  
<hibernate-configuration>  
  
<session-factory>  
       <property name="hibernate.connection.driver_class">com.mysql.cj.jdbc.Driver</property>
       <property name="hibernate.connection.url">jdbc:mysql://192.168.10.71:3307/dac40</property>
       <property name="hibernate.connection.username">dac40</property>
       <property name="hibernate.connection.password">welcome</property>
        <property name="hibernate.dialect">org.hibernate.dialect.MySQL8Dialect</property>
        <property name="hibernate.hbm2ddl.auto">create-drop</property>
        <property name="show_sql">true</property>
        <property name="format_sql">true</property>
        <mapping class="com.training.beans.MyUser"></mapping>
       	<mapping resource="MyUser.hbm.xml"></mapping>
        
 </session-factory>  
  
</hibernate-configuration>  